depa_nombre;muni_nombre;nombre_prestador;nit_prestador;clase_prestador;ese;naturaleza_juridica;caracter_territorial;nivel_atencion;nombre_sede_prestador;FECHA_RENOVACION_CICLO;FECHA_ULTIMA_ACREDITACION;fecha_vencimiento_acreditacion;fecha_generacion_este_reporte;field15;field16;field17;field18;field19;field20;field21;field22;field23;field24;field25;field26;field27;field28;field29;field30;field31;field32;field33;field34;field35
La Guajira;RIOHACHA;ORGANIZACION CLINICA BONNADONA - PREVENIR S.A.S;800194798;Instituciones Prestadoras de Servicios de Salud - IPS;;Privada;;;ORGANIZACION CLINICA BONNADONA - PREVENIR S.A.S.;20250223;20240814;20250526;18/05/2025 8:24:24 p.m.;;;;;;;;;;;;;;;;;;;;;
Barranquilla;BARRANQUILLA;ORGANIZACION CLINICA BONNADONA PREVENIR S.A.S.;800194798;Instituciones Prestadoras de Servicios de Salud - IPS;NO;Privada;;;ORGANIZACION CLINICA BONNADONA PREVENIR S.A.S.;20250223;20201127;20250526;18/05/2025 8:24:24 p.m.;;;;;;;;;;;;;;;;;;;;;
Bogota D.C;BOGOTA;ADMINISTRADORA COUNTRY S.A.S;830005028;Instituciones Prestadoras de Servicios de Salud - IPS;NO;Privada;;;CLINICA DEL COUNTRY IPS;20250312;20210812;20250811;18/05/2025 8:24:24 p.m.;;;;;;;;;;;;;;;;;;;;;
Bogota D.C;BOGOTA;ADMINISTRADORA COUNTRY S.A.S;830005028;Instituciones Prestadoras de Servicios de Salud - IPS;NO;Privada;;;SEDE SAN SEBASTIAN;20250312;20210812;20250811;18/05/2025 8:24:24 p.m.;;;;;;;;;;;;;;;;;;;;;
Bogota D.C;BOGOTA;ADMINISTRADORA COUNTRY S.A.S;830005028;Instituciones Prestadoras de Servicios de Salud - IPS;NO;Privada;;;CENTRO DE ONCOLOGIA CLINICA DEL COUNTRY;20250312;20210812;20250811;18/05/2025 8:24:24 p.m.;;;;;;;;;;;;;;;;;;;;;
Bogota D.C;BOGOTA;ADMINISTRADORA COUNTRY S.A.S;830005028;Instituciones Prestadoras de Servicios de Salud - IPS;NO;Privada;;;UNIDAD MEDICA NUEVA 1 CLINICA DEL COUNTRY;20250312;20210812;20250811;18/05/2025 8:24:24 p.m.;;;;;;;;;;;;;;;;;;;;;
Bogota D.C;BOGOTA;ADMINISTRADORA COUNTRY S.A.S;830005028;Instituciones Prestadoras de Servicios de Salud - IPS;NO;Privada;;;CLINICA DEL COUNTRY - CENTRO DIAGNOSTICO;20250312;20210812;20250811;18/05/2025 8:24:24 p.m.;;;;;;;;;;;;;;;;;;;;;
Quindio;ARMENIA;EMPRESA SOCIAL DEL ESTADO HOSPITAL DEPARTAMENTAL UNIVERSITARIO DEL QUINDIO SAN JUAN DE DIOS;800000118;Instituciones Prestadoras de Servicios de Salud - IPS;SI;Publica;DEPARTAMENTAL;3;EMPRESA SOCIAL DEL ESTADO HOSPITAL DEPARTAMENTAL UNIVERSITARIO DEL QUINDIO SAN JUAN DE DIOS;20250415;20210915;20250914;18/05/2025 8:24:24 p.m.;;;;;;;;;;;;;;;;;;;;;
Antioquia;RIONEGRO;FUNDACION HOSPITAL SAN VICENTE DE PAUL RIONEGRO;900261353;Instituciones Prestadoras de Servicios de Salud - IPS;;Privada;;;FUNDACION HOSPITAL SAN VICENTE DE PAUL RIONEGRO;20250514;20211014;20251013;18/05/2025 8:24:24 p.m.;;;;;;;;;;;;;;;;;;;;;
Santander;PIEDECUESTA;FUNDACION CARDIOVASCULAR DE COLOMBIA;890212568;Instituciones Prestadoras de Servicios de Salud - IPS;NO;Privada;;;HOSPITAL INTERNACIONAL DE COLOMBIA;20250716;20211216;20251215;18/05/2025 8:24:24 p.m.;;;;;;;;;;;;;;;;;;;;;
Bogota D.C;BOGOTA;INSTITUTO NACIONAL DE CANCEROLOGIA;899999092;Instituciones Prestadoras de Servicios de Salud - IPS;SI;Publica;NACIONAL;3;INSTITUTO NACIONAL DE CANCEROLOGIA;20250716;20211216;20251215;18/05/2025 8:24:24 p.m.;;;;;;;;;;;;;;;;;;;;;
Antioquia;MEDELLIN;HOSPITAL PABLO TOBON URIBE;890901826;Instituciones Prestadoras de Servicios de Salud - IPS;NO;Privada;;;HOSPITAL PABLO TOBON URIBE;20250901;20220201;20260131;18/05/2025 8:24:24 p.m.;;;;;;;;;;;;;;;;;;;;;
Bogota D.C;BOGOTA;FUNDACION HOSPITAL INFANTIL UNIVERSITARIO DE SAN JOSE;900098476;Instituciones Prestadoras de Servicios de Salud - IPS;NO;Privada;;;FUNDACION HOSPITAL INFANTIL UNIVERSITARIO DE SAN JOSE;20250911;20220211;20260210;18/05/2025 8:24:24 p.m.;;;;;;;;;;;;;;;;;;;;;
Santander;BUCARAMANGA;LOS COMUNEROS HOSPITAL UNIVERSITARIO DE BUCARAMANGA;900240018;Instituciones Prestadoras de Servicios de Salud - IPS;;Privada;;;LOS COMUNEROS HOSPITAL UNIVERSITARIO DE BUCARAMANGA;20250916;20220216;20260215;18/05/2025 8:24:24 p.m.;;;;;;;;;;;;;;;;;;;;;
Bogota D.C;BOGOTA;EMPRESA SOCIAL DEL ESTADO CENTRO DERMATOLOGICO FEDERICO LLERAS ACOSTA;800247350;Instituciones Prestadoras de Servicios de Salud - IPS;SI;Publica;NACIONAL;3;CENTRO DERMATOLOGICO FEDERICO LLERAS ACOSTA - E.S.E. SEDE CHAPINERO;20251009;20220311;20260310;18/05/2025 8:24:24 p.m.;;;;;;;;;;;;;;;;;;;;;
Bogota D.C;BOGOTA;EMPRESA SOCIAL DEL ESTADO CENTRO DERMATOLOGICO FEDERICO LLERAS ACOSTA;800247350;Instituciones Prestadoras de Servicios de Salud - IPS;SI;Publica;NACIONAL;3;EMPRESA SOCIAL DEL ESTADO CENTRO DERMATOLOGICO FEDERICO LLERAS ACOSTA;20251009;20220311;20260310;18/05/2025 8:24:24 p.m.;;;;;;;;;;;;;;;;;;;;;
Antioquia;RIONEGRO;SOCIEDAD MEDICA RIONEGRO S.A. SOMER S.A.;890939936;Instituciones Prestadoras de Servicios de Salud - IPS;NO;Privada;;;SOCIEDAD MEDICA RIONEGRO S.A. SOMER S.A.;20251014;20220316;20260315;18/05/2025 8:24:24 p.m.;;;;;;;;;;;;;;;;;;;;;
Bogota D.C;BOGOTA;Subred Integrada de Servicios de Salud Sur Occidente E.S.E;900959048;Instituciones Prestadoras de Servicios de Salud - IPS;SI;Publica;DISTRITAL;3;Centro de Salud San Pablo;20251217;20220519;20260518;18/05/2025 8:24:24 p.m.;;;;;;;;;;;;;;;;;;;;;
Bogota D.C;BOGOTA;Subred Integrada de Servicios de Salud Sur Occidente E.S.E;900959048;Instituciones Prestadoras de Servicios de Salud - IPS;SI;Publica;DISTRITAL;3;Centro de Salud Internacional;20251217;20220519;20260518;18/05/2025 8:24:24 p.m.;;;;;;;;;;;;;;;;;;;;;
Bogota D.C;BOGOTA;Subred Integrada de Servicios de Salud Sur Occidente E.S.E;900959048;Instituciones Prestadoras de Servicios de Salud - IPS;SI;Publica;DISTRITAL;3;Centro de Salud Zona Franca;20251217;20220519;20260518;18/05/2025 8:24:24 p.m.;;;;;;;;;;;;;;;;;;;;;
Bogota D.C;BOGOTA;Subred Integrada de Servicios de Salud Sur Occidente E.S.E;900959048;Instituciones Prestadoras de Servicios de Salud - IPS;SI;Publica;DISTRITAL;3;Centro de Salud El Porvenir;20251217;20220519;20260518;18/05/2025 8:24:24 p.m.;;;;;;;;;;;;;;;;;;;;;
Bogota D.C;BOGOTA;Subred Integrada de Servicios de Salud Sur Occidente E.S.E;900959048;Instituciones Prestadoras de Servicios de Salud - IPS;SI;Publica;DISTRITAL;3;Centro de Salud Jose Maria Carbonell;20251217;20220519;20260518;18/05/2025 8:24:24 p.m.;;;;;;;;;;;;;;;;;;;;;
Bogota D.C;BOGOTA;Subred Integrada de Servicios de Salud Sur Occidente E.S.E;900959048;Instituciones Prestadoras de Servicios de Salud - IPS;SI;Publica;DISTRITAL;3;Centro de Salud Olarte;20251217;20220519;20260518;18/05/2025 8:24:24 p.m.;;;;;;;;;;;;;;;;;;;;;
Bogota D.C;BOGOTA;Subred Integrada de Servicios de Salud Sur Occidente E.S.E;900959048;Instituciones Prestadoras de Servicios de Salud - IPS;SI;Publica;DISTRITAL;3;Centro de Salud Nuevas Delicias;20251217;20220519;20260518;18/05/2025 8:24:24 p.m.;;;;;;;;;;;;;;;;;;;;;
Bogota D.C;BOGOTA;Subred Integrada de Servicios de Salud Sur Occidente E.S.E;900959048;Instituciones Prestadoras de Servicios de Salud - IPS;SI;Publica;DISTRITAL;3;Hospital Pediatrico Tintal;20251217;20220519;20260518;18/05/2025 8:24:24 p.m.;;;;;;;;;;;;;;;;;;;;;
Bogota D.C;BOGOTA;Subred Integrada de Servicios de Salud Sur Occidente E.S.E;900959048;Instituciones Prestadoras de Servicios de Salud - IPS;SI;Publica;DISTRITAL;3;Hospital Fontibon;20251217;20220519;20260518;18/05/2025 8:24:24 p.m.;;;;;;;;;;;;;;;;;;;;;
Bogota D.C;BOGOTA;Subred Integrada de Servicios de Salud Sur Occidente E.S.E;900959048;Instituciones Prestadoras de Servicios de Salud - IPS;SI;Publica;DISTRITAL;3;Centro de Salud Puerta De Teja;20251217;20220519;20260518;18/05/2025 8:24:24 p.m.;;;;;;;;;;;;;;;;;;;;;
Bogota D.C;BOGOTA;Subred Integrada de Servicios de Salud Sur Occidente E.S.E;900959048;Instituciones Prestadoras de Servicios de Salud - IPS;SI;Publica;DISTRITAL;3;Centro de Salud Centro Dia;20251217;20220519;20260518;18/05/2025 8:24:24 p.m.;;;;;;;;;;;;;;;;;;;;;
Bogota D.C;BOGOTA;Subred Integrada de Servicios de Salud Sur Occidente E.S.E;900959048;Instituciones Prestadoras de Servicios de Salud - IPS;SI;Publica;DISTRITAL;3;Centro de Salud Terminal Aereo;20251217;20220519;20260518;18/05/2025 8:24:24 p.m.;;;;;;;;;;;;;;;;;;;;;
Bogota D.C;BOGOTA;Subred Integrada de Servicios de Salud Sur Occidente E.S.E;900959048;Instituciones Prestadoras de Servicios de Salud - IPS;SI;Publica;DISTRITAL;3;Centro de Salud Boston;20251217;20220519;20260518;18/05/2025 8:24:24 p.m.;;;;;;;;;;;;;;;;;;;;;
Bogota D.C;BOGOTA;Subred Integrada de Servicios de Salud Sur Occidente E.S.E;900959048;Instituciones Prestadoras de Servicios de Salud - IPS;SI;Publica;DISTRITAL;3;Centro de Salud Pablo VI Bosa;20251217;20220519;20260518;18/05/2025 8:24:24 p.m.;;;;;;;;;;;;;;;;;;;;;
Bogota D.C;BOGOTA;Subred Integrada de Servicios de Salud Sur Occidente E.S.E;900959048;Instituciones Prestadoras de Servicios de Salud - IPS;SI;Publica;DISTRITAL;3;Centro de Salud La Estacion;20251217;20220519;20260518;18/05/2025 8:24:24 p.m.;;;;;;;;;;;;;;;;;;;;;
Cundinamarca;CHIA;CLINICA UNIVERSIDAD DE LA SABANA;832003167;Instituciones Prestadoras de Servicios de Salud - IPS;NO;Privada;;;CLINICA UNIVERSIDAD DE LA SABANA;20260214;20220717;20260716;18/05/2025 8:24:24 p.m.;;;;;;;;;;;;;;;;;;;;;
Antioquia;MEDELLIN;UNIVERSIDAD PONTIFICIA BOLIVARIANA;890902922;Instituciones Prestadoras de Servicios de Salud - IPS;NO;Privada;;;CLINICA UNIVERSITARIA BOLIVARIANA;20260108;20220718;20260717;18/05/2025 8:24:24 p.m.;;;;;;;;;;;;;;;;;;;;;
Antioquia;MEDELLIN;FUNDACION HOSPITALARIA SAN VICENTE DE PAUL;890900518;Instituciones Prestadoras de Servicios de Salud - IPS;NO;Privada;;;FUNDACION HOSPITALARIA SAN VICENTE DE PAUL;20260225;20220728;20260727;18/05/2025 8:24:24 p.m.;;;;;;;;;;;;;;;;;;;;;
Bogota D.C;BOGOTA;INSTITUTO COLOMBIANO DEL SISTEMA NERVIOSO - CLINICA MONTSERRAT -;860007400;Instituciones Prestadoras de Servicios de Salud - IPS;NO;Privada;;;INSTITUTO COLOMBIANO DEL SISTEMA NERVIOSO - CLINICA MONTSERRAT;20260311;20220811;20260810;18/05/2025 8:24:24 p.m.;;;;;;;;;;;;;;;;;;;;;
Bogota D.C;BOGOTA;INSTITUTO COLOMBIANO DEL SISTEMA NERVIOSO - CLINICA MONTSERRAT -;860007400;Instituciones Prestadoras de Servicios de Salud - IPS;NO;Privada;;;CENTRO CAMPOALEGRE;20260311;20220811;20260810;18/05/2025 8:24:24 p.m.;;;;;;;;;;;;;;;;;;;;;
Bogota D.C;BOGOTA;CPO S A;800149453;Instituciones Prestadoras de Servicios de Salud - IPS;NO;Privada;;;TORRE 7-CPO;20260326;20220825;20260824;18/05/2025 8:24:24 p.m.;;;;;;;;;;;;;;;;;;;;;
Bogota D.C;BOGOTA;CPO S A;800149453;Instituciones Prestadoras de Servicios de Salud - IPS;NO;Privada;;;CENTRO POLICLINICO DEL OLAYA;20260326;20220825;20260824;18/05/2025 8:24:24 p.m.;;;;;;;;;;;;;;;;;;;;;
Bogota D.C;BOGOTA;CPO S A;800149453;Instituciones Prestadoras de Servicios de Salud - IPS;NO;Privada;;;ODONTOAMERICAS;20260326;20220825;20260824;18/05/2025 8:24:24 p.m.;;;;;;;;;;;;;;;;;;;;;
Bogota D.C;BOGOTA;CPO S A;800149453;Instituciones Prestadoras de Servicios de Salud - IPS;NO;Privada;;;CHAPINERO CPO;20260326;20220825;20260824;18/05/2025 8:24:24 p.m.;;;;;;;;;;;;;;;;;;;;;
Bogota D.C;BOGOTA;CPO S A;800149453;Instituciones Prestadoras de Servicios de Salud - IPS;NO;Privada;;;DONTOLUCIA;20260326;20220825;20260824;18/05/2025 8:24:24 p.m.;;;;;;;;;;;;;;;;;;;;;
Bogota D.C;BOGOTA;CPO S A;800149453;Instituciones Prestadoras de Servicios de Salud - IPS;NO;Privada;;;CASTELLANA CPO;20260326;20220825;20260824;18/05/2025 8:24:24 p.m.;;;;;;;;;;;;;;;;;;;;;
Bogota D.C;BOGOTA;CPO S A;800149453;Instituciones Prestadoras de Servicios de Salud - IPS;NO;Privada;;;CALLE 98;20260326;20220825;20260824;18/05/2025 8:24:24 p.m.;;;;;;;;;;;;;;;;;;;;;
Bogota D.C;BOGOTA;FUNDACION ABOOD SHAIO;860006656;Instituciones Prestadoras de Servicios de Salud - IPS;NO;Privada;;;FUNDACION ABOOD SHAIO;20260413;20220913;20260912;18/05/2025 8:24:24 p.m.;;;;;;;;;;;;;;;;;;;;;
Bogota D.C;BOGOTA;Fundacion Javeriana de Servicios Medico Odontologicos Interuniversitarios Carlos Marquez Villegas-Javesalud;830018305;Instituciones Prestadoras de Servicios de Salud - IPS;NO;Privada;;;JAVESALUD TOBERIN;20260518;20221018;20261017;18/05/2025 8:24:24 p.m.;;;;;;;;;;;;;;;;;;;;;
Barranquilla;BARRANQUILLA;Fundacion Javeriana de Servicios Medico Odontologicos Interuniversitarios Carlos Marquez Villegas-Javesalud;830018305;Instituciones Prestadoras de Servicios de Salud - IPS;;Privada;;;JAVESALUD ALLIANZ BARRANQUILLA;20260518;20221018;20261017;18/05/2025 8:24:24 p.m.;;;;;;;;;;;;;;;;;;;;;
Antioquia;MEDELLIN;FUNDACION JAVERIANA DE SERVICIOS MEDICOS ODONTOLOGICOS INTERUNIVERSITARIOS CARLOS MARQUEZ VILLEGAS - JAVESALUD;830018305;Instituciones Prestadoras de Servicios de Salud - IPS;;Privada;;;Javesalud Allianz Medellin;20260518;20221018;20261017;18/05/2025 8:24:24 p.m.;;;;;;;;;;;;;;;;;;;;;
Bogota D.C;BOGOTA;Fundacion Javeriana de Servicios Medico Odontologicos Interuniversitarios Carlos Marquez Villegas-Javesalud;830018305;Instituciones Prestadoras de Servicios de Salud - IPS;NO;Privada;;;JAVESALUD JAVERIANA;20260518;20221018;20261017;18/05/2025 8:24:24 p.m.;;;;;;;;;;;;;;;;;;;;;
Bogota D.C;BOGOTA;Fundacion Javeriana de Servicios Medico Odontologicos Interuniversitarios Carlos Marquez Villegas-Javesalud;830018305;Instituciones Prestadoras de Servicios de Salud - IPS;NO;Privada;;;JAVESALUD SANTA BEATRIZ;20260518;20221018;20261017;18/05/2025 8:24:24 p.m.;;;;;;;;;;;;;;;;;;;;;
Bogota D.C;BOGOTA;Fundacion Javeriana de Servicios Medico Odontologicos Interuniversitarios Carlos Marquez Villegas-Javesalud;830018305;Instituciones Prestadoras de Servicios de Salud - IPS;NO;Privada;;;JAVESALUD ALLIANZ;20260518;20221018;20261017;18/05/2025 8:24:24 p.m.;;;;;;;;;;;;;;;;;;;;;
Bogota D.C;BOGOTA;Fundacion Javeriana de Servicios Medico Odontologicos Interuniversitarios Carlos Marquez Villegas-Javesalud;830018305;Instituciones Prestadoras de Servicios de Salud - IPS;NO;Privada;;;JAVESALUD ALLIANZ SALITRE;20260518;20221018;20261017;18/05/2025 8:24:24 p.m.;;;;;;;;;;;;;;;;;;;;;
Bogota D.C;BOGOTA;CLINICA LOS NOGALES SAS;900291018;Instituciones Prestadoras de Servicios de Salud - IPS;;Privada;;;CLINICA LOS NOGALES SAS;20260711;20221211;20261210;18/05/2025 8:24:24 p.m.;;;;;;;;;;;;;;;;;;;;;
Bogota D.C;BOGOTA;EMPRESA SOCIAL DEL ESTADO HOSPITAL UNIVERSITARIO DE LA SAMARITANA;899999032;Instituciones Prestadoras de Servicios de Salud - IPS;SI;Publica;DEPARTAMENTAL;3;EMPRESA SOCIAL DEL ESTADO HOSPITAL UNIVERSITARIO DE LA SAMARITANA;20260829;20230129;20270128;18/05/2025 8:24:24 p.m.;;;;;;;;;;;;;;;;;;;;;
Cali;CALI;DIME CLINICA NEUROCARDIOVASCULAR S.A;800024390;Instituciones Prestadoras de Servicios de Salud - IPS;NO;Privada;;;DIME CLINICA NEUROCARDIOVASCULAR S.A.;20260930;20230302;20270301;18/05/2025 8:24:24 p.m.;;;;;;;;;;;;;;;;;;;;;
Antioquia;MEDELLIN;HOSPITAL GENERAL DE MEDELLIN LUZ CASTRO DE GUTIERREZ, EMPRESA SOCIAL DEL ESTADO;890904646;Instituciones Prestadoras de Servicios de Salud - IPS;SI;Publica;MUNICIPAL;3;HOSPITAL GENERAL DE MEDELLIN LUZ CASTRO DE GUTIERREZ, EMPRESA SOCIAL DEL ESTADO;20261001;20230303;20270302;18/05/2025 8:24:24 p.m.;;;;;;;;;;;;;;;;;;;;;
Bogota D.C;BOGOTA;FUNDACION HOSPITAL DE LA MISERICORDIA;899999123;Instituciones Prestadoras de Servicios de Salud - IPS;NO;Privada;;;FUNDACION HOSPITAL DE LA MISERICORDIA;20261007;20230309;20270308;18/05/2025 8:24:24 p.m.;;;;;;;;;;;;;;;;;;;;;
Cauca;POPAYAN;HOSPITAL SUSANA LOPEZ DE VALENCIA, EMPRESA SOCIAL DEL ESTADO;891501676;Instituciones Prestadoras de Servicios de Salud - IPS;SI;Publica;DEPARTAMENTAL;2;HOSPITAL SUSANA LOPEZ DE VALENCIA;20261028;20230330;20270329;18/05/2025 8:24:24 p.m.;;;;;;;;;;;;;;;;;;;;;
Cauca;POPAYAN;HOSPITAL SUSANA LOPEZ DE VALENCIA, EMPRESA SOCIAL DEL ESTADO;891501676;Instituciones Prestadoras de Servicios de Salud - IPS;SI;Publica;DEPARTAMENTAL;2;HOSPITAL SUSANA LOPEZ DE VALENCIA E.S.E., UNIDAD DE ATENCION EN SALUD SAN CAMILO;20261028;20230330;20270329;18/05/2025 8:24:24 p.m.;;;;;;;;;;;;;;;;;;;;;
Nari�o;PASTO;HOSPITAL INFANTIL LOS ANGELES;891200240;Instituciones Prestadoras de Servicios de Salud - IPS;NO;Privada;;;HOSPITAL INFANTIL LOS ANGELES;20261115;20230417;20270416;18/05/2025 8:24:24 p.m.;;;;;;;;;;;;;;;;;;;;;
Bogota D.C;BOGOTA;SUBRED INTEGRADA DE SERVICIOS DE SALUD SUR E.S.E.;900958564;Instituciones Prestadoras de Servicios de Salud - IPS;SI;Publica;DISTRITAL;3;UNIDAD DE SERVICIOS DE SALUD PASQUILLA;20261126;20230428;20270427;18/05/2025 8:24:24 p.m.;;;;;;;;;;;;;;;;;;;;;
Bogota D.C;BOGOTA;SUBRED INTEGRADA DE SERVICIOS DE SALUD SUR E.S.E.;900958564;Instituciones Prestadoras de Servicios de Salud - IPS;SI;Publica;DISTRITAL;3;UNIDAD DE SERVICIOS DE SALUD MOCHUELO;20261126;20230428;20270427;18/05/2025 8:24:24 p.m.;;;;;;;;;;;;;;;;;;;;;
Bogota D.C;BOGOTA;SUBRED INTEGRADA DE SERVICIOS DE SALUD SUR E.S.E.;900958564;Instituciones Prestadoras de Servicios de Salud - IPS;SI;Publica;DISTRITAL;3;UNIDAD DE SERVICIOS DE SALUD VISTA HERMOSA;20261126;20230428;20270427;18/05/2025 8:24:24 p.m.;;;;;;;;;;;;;;;;;;;;;
Bogota D.C;BOGOTA;SUBRED INTEGRADA DE SERVICIOS DE SALUD SUR E.S.E.;900958564;Instituciones Prestadoras de Servicios de Salud - IPS;SI;Publica;DISTRITAL;3;UNIDAD DE SERVICIOS DE SALUD SAN JUAN DE SUMAPAZ;20261126;20230428;20270427;18/05/2025 8:24:24 p.m.;;;;;;;;;;;;;;;;;;;;;
Bogota D.C;BOGOTA;SUBRED INTEGRADA DE SERVICIOS DE SALUD SUR E.S.E.;900958564;Instituciones Prestadoras de Servicios de Salud - IPS;SI;Publica;DISTRITAL;3;UNIDAD DE SERVICIOS DE SALUD DESTINO;20261126;20230428;20270427;18/05/2025 8:24:24 p.m.;;;;;;;;;;;;;;;;;;;;;
Bogota D.C;BOGOTA;SUBRED INTEGRADA DE SERVICIOS DE SALUD SUR E.S.E.;900958564;Instituciones Prestadoras de Servicios de Salud - IPS;SI;Publica;DISTRITAL;3;UNIDAD DE SERVICIOS DE SALUD NAZARETH;20261126;20230428;20270427;18/05/2025 8:24:24 p.m.;;;;;;;;;;;;;;;;;;;;;
Bogota D.C;BOGOTA;FUNDACION CARDIO INFANTIL INSTITUTO DE CARDIOLOGIA;860035992;Instituciones Prestadoras de Servicios de Salud - IPS;NO;Privada;;;Centro Medico Ambulatorio La Cardio102;20261221;20250312;20270522;18/05/2025 8:24:24 p.m.;;;;;;;;;;;;;;;;;;;;;
Bogota D.C;BOGOTA;FUNDACION CARDIO INFANTIL INSTITUTO DE CARDIOLOGIA;860035992;Instituciones Prestadoras de Servicios de Salud - IPS;NO;Privada;;;FUNDACION CARDIO INFANTIL INSTITUTO DE CARDIOLOGIA;20261221;20230523;20270522;18/05/2025 8:24:24 p.m.;;;;;;;;;;;;;;;;;;;;;
Bogota D.C;BOGOTA;FUNDACION CARDIO INFANTIL INSTITUTO DE CARDIOLOGIA;860035992;Instituciones Prestadoras de Servicios de Salud - IPS;NO;Privada;;;FUNDACION CARDIOINFANTIL-INSTITUTO DE CARDIOLOGIA;20261221;20230523;20270522;18/05/2025 8:24:24 p.m.;;;;;;;;;;;;;;;;;;;;;
Nari�o;PASTO;INSTITUTO CANCEROLOGICO DE NARI�O;814006009;Instituciones Prestadoras de Servicios de Salud - IPS;NO;Privada;;;INSTITUTO CANCEROLOGICO DE NARI�O;20270119;20230621;20270620;18/05/2025 8:24:24 p.m.;;;;;;;;;;;;;;;;;;;;;
Santander;FLORIDABLANCA;FUNDACION OFTALMOLOGICA DE SANTANDER - FOSCAL;890205361;Instituciones Prestadoras de Servicios de Salud - IPS;NO;Privada;;;FUNDACION OFTALMOLOGICA DE SDER FOSCAL;20270122;20230624;20270623;18/05/2025 8:24:24 p.m.;;;;;;;;;;;;;;;;;;;;;
Santander;BUCARAMANGA;FUNDACION OFTALMOLOGICA DE SANTANDER - FOSCAL;890205361;Instituciones Prestadoras de Servicios de Salud - IPS;NO;Privada;;;SEDE BOLARQUI;20270122;20230624;20270623;18/05/2025 8:24:24 p.m.;;;;;;;;;;;;;;;;;;;;;
Santander;BUCARAMANGA;FUNDACION OFTALMOLOGICA DE SANTANDER - FOSCAL;890205361;Instituciones Prestadoras de Servicios de Salud - IPS;NO;Privada;;;CENTRO DE ATENCION AMBULATORIA - FOSCAL;20270122;20230624;20270623;18/05/2025 8:24:24 p.m.;;;;;;;;;;;;;;;;;;;;;
Santander;BUCARAMANGA;FUNDACION OFTALMOLOGICA DE SANTANDER - FOSCAL;890205361;Instituciones Prestadoras de Servicios de Salud - IPS;NO;Privada;;;SEDE FOSCAL SAN ALONSO;20270122;20230624;20270623;18/05/2025 8:24:24 p.m.;;;;;;;;;;;;;;;;;;;;;
Barranquilla;BARRANQUILLA;LABORATORIO CLINICO CONTINENTAL SAS;800132674;Instituciones Prestadoras de Servicios de Salud - IPS;NO;Privada;;;LABORATORIO CLINICO CONTINENTAL SAS SEDE VILLA COUNTRY;20270128;20230629;20270629;18/05/2025 8:24:24 p.m.;;;;;;;;;;;;;;;;;;;;;
Barranquilla;BARRANQUILLA;LABORATORIO CLINICO CONTINENTAL SAS;800132674;Instituciones Prestadoras de Servicios de Salud - IPS;NO;Privada;;;LABORATORIO CLINICO CONTINENTAL SAS PRINCIPAL;20270128;20230629;20270629;18/05/2025 8:24:24 p.m.;;;;;;;;;;;;;;;;;;;;;
Barranquilla;BARRANQUILLA;LABORATORIO CLINICO CONTINENTAL SAS;800132674;Instituciones Prestadoras de Servicios de Salud - IPS;NO;Privada;;;LABORATORIO CLINICO CONTINENTAL SAS CENTRO MEDICO CONTINENTAL;20270128;20230629;20270629;18/05/2025 8:24:24 p.m.;;;;;;;;;;;;;;;;;;;;;
Barranquilla;BARRANQUILLA;LABORATORIO CLINICO CONTINENTAL SAS;800132674;Instituciones Prestadoras de Servicios de Salud - IPS;NO;Privada;;;LABORATORIO CLINICO CONTINENTAL SAS MURILLO;20270128;20230629;20270629;18/05/2025 8:24:24 p.m.;;;;;;;;;;;;;;;;;;;;;
Barranquilla;BARRANQUILLA;LABORATORIO CLINICO CONTINENTAL SAS;800132674;Instituciones Prestadoras de Servicios de Salud - IPS;NO;Privada;;;LABORATORIO CLINICO CONTINENTAL S.A.S SEDE VILLA SANTOS;20270128;20230629;20270629;18/05/2025 8:24:24 p.m.;;;;;;;;;;;;;;;;;;;;;
Barranquilla;BARRANQUILLA;LABORATORIO CLINICO CONTINENTAL SAS;800132674;Instituciones Prestadoras de Servicios de Salud - IPS;NO;Privada;;;LABORATORIO CLINICO CONTINENTAL S.A.S SEDE CARIBE;20270128;20230629;20270629;18/05/2025 8:24:24 p.m.;;;;;;;;;;;;;;;;;;;;;
Barranquilla;BARRANQUILLA;LABORATORIO CLINICO CONTINENTAL SAS;800132674;Instituciones Prestadoras de Servicios de Salud - IPS;NO;Privada;;;LABORATORIO CLINICO CONTINENTA S.A.S SEDE CALLE 79;20270128;20230629;20270629;18/05/2025 8:24:24 p.m.;;;;;;;;;;;;;;;;;;;;;
Barranquilla;BARRANQUILLA;LABORATORIO CLINICO CONTINENTAL SAS;800132674;Instituciones Prestadoras de Servicios de Salud - IPS;NO;Privada;;;LABORATORIO CLINICO CONTINENTAL CALLE 84;20270128;20230629;20270629;18/05/2025 8:24:24 p.m.;;;;;;;;;;;;;;;;;;;;;
Atlantico;PUERTO COLOMBIA;LABORATORIO CLINICO CONTINENTAL S.A.S;800132674;Instituciones Prestadoras de Servicios de Salud - IPS;;Privada;;;LABORATORIO CLINICO CONTINENTAL S.A.S SEDE VILLA CAMPESTRE;20270128;20230629;20270629;18/05/2025 8:24:24 p.m.;;;;;;;;;;;;;;;;;;;;;
Santa Marta;SANTA MARTA;LABORATORIO CLINICO CONTINENTAL S.A.S;800132674;Instituciones Prestadoras de Servicios de Salud - IPS;;Privada;;;LABORATORIO CLINICO CONTINENTAL S.A.S;20270128;20230629;20270629;18/05/2025 8:24:24 p.m.;;;;;;;;;;;;;;;;;;;;;
Cartagena;CARTAGENA;LABORATORIO CLINCO CONTINENTAL S.A.S;800132674;Instituciones Prestadoras de Servicios de Salud - IPS;NO;Privada;;;LABORATORIO CLINCO CONTINENTAL SAS BOCAGRANDE;20270128;20230629;20270629;18/05/2025 8:24:24 p.m.;;;;;;;;;;;;;;;;;;;;;
Cartagena;CARTAGENA;LABORATORIO CLINCO CONTINENTAL S.A.S;800132674;Instituciones Prestadoras de Servicios de Salud - IPS;NO;Privada;;;LABORATORIO CLINICO CONTINENTAL S.A.S SEDE LA PLAZUELA;20270128;20230629;20270629;18/05/2025 8:24:24 p.m.;;;;;;;;;;;;;;;;;;;;;
Cali;CALI;CLINICA IMBANACO S.A.S.;890307200;Instituciones Prestadoras de Servicios de Salud - IPS;NO;Privada;;;CLINICA IMBANACO S.A.S.;20270318;20230818;20270817;18/05/2025 8:24:24 p.m.;;;;;;;;;;;;;;;;;;;;;
Cali;CALI;CLINICA IMBANACO S.A.S.;890307200;Instituciones Prestadoras de Servicios de Salud - IPS;NO;Privada;;;SEDE 02 CLINICA IMBANACO S.A.S.;20270318;20230818;20270817;18/05/2025 8:24:24 p.m.;;;;;;;;;;;;;;;;;;;;;
Cali;CALI;CLINICA IMBANACO S.A.S.;890307200;Instituciones Prestadoras de Servicios de Salud - IPS;NO;Privada;;;SEDE RIO LILY;20270318;20230818;20270817;18/05/2025 8:24:24 p.m.;;;;;;;;;;;;;;;;;;;;;
Cali;CALI;CLINICA IMBANACO S.A.S.;890307200;Instituciones Prestadoras de Servicios de Salud - IPS;NO;Privada;;;SEDE 04 CLINICA IMBANACO S.A.S;20270318;20230818;20270817;18/05/2025 8:24:24 p.m.;;;;;;;;;;;;;;;;;;;;;
Cali;CALI;CLINICA IMBANACO S.A.S.;890307200;Instituciones Prestadoras de Servicios de Salud - IPS;NO;Privada;;;SEDE 09 CLINICA IMBANACO S.A.S.;20270318;20230818;20270817;18/05/2025 8:24:24 p.m.;;;;;;;;;;;;;;;;;;;;;
Cali;CALI;CLINICA IMBANACO S.A.S.;890307200;Instituciones Prestadoras de Servicios de Salud - IPS;NO;Privada;;;SEDE 11 CLINICA IMBANACO S.A.S.;20270318;20230818;20270817;18/05/2025 8:24:24 p.m.;;;;;;;;;;;;;;;;;;;;;
Cali;CALI;CLINICA IMBANACO S.A.S.;890307200;Instituciones Prestadoras de Servicios de Salud - IPS;NO;Privada;;;SEDE 15 CLINICA IMBANACO S.A.S.;20270318;20230818;20270817;18/05/2025 8:24:24 p.m.;;;;;;;;;;;;;;;;;;;;;
Cali;CALI;CLINICA IMBANACO S.A.S.;890307200;Instituciones Prestadoras de Servicios de Salud - IPS;NO;Privada;;;CLINICA IMBANACO S.A.S. SEDE PRINCIPAL;20270318;20230818;20270817;18/05/2025 8:24:24 p.m.;;;;;;;;;;;;;;;;;;;;;
Valle del cauca;YUMBO;CLINICA IMBANACO S.A.S.;890307200;Instituciones Prestadoras de Servicios de Salud - IPS;NO;Privada;;;SEDE SATELITE UNICO YUMBO CLINICA IMBANACO S.A.S.;20270318;20230818;20270817;18/05/2025 8:24:24 p.m.;;;;;;;;;;;;;;;;;;;;;
Nari�o;PASTO;E.S.E. HOSPITAL UNIVERSITARIO DEPARTAMENTAL DE NARI�O;891200528;Instituciones Prestadoras de Servicios de Salud - IPS;SI;Publica;DEPARTAMENTAL;3;E.S.E.HOSPITAL UNIVERSITARIO DEPARTAMENTAL DE NARI�O;20270428;20230928;20270927;18/05/2025 8:24:24 p.m.;;;;;;;;;;;;;;;;;;;;;
Bogota D.C;BOGOTA;SOCIEDAD DE CIRUGIA DE BOGOTA HOSPITAL DE SAN JOSE;899999017;Instituciones Prestadoras de Servicios de Salud - IPS;NO;Privada;;;Sociedad de Cirugia de Bogota - Hospital de San Jose;20270429;20230929;20270928;18/05/2025 8:24:24 p.m.;;;;;;;;;;;;;;;;;;;;;
Cali;CALI;FUNDACION VALLE DEL LILI;890324177;Instituciones Prestadoras de Servicios de Salud - IPS;NO;Privada;;;FUNDACION VALLE DEL LILI;20270517;20231017;20271016;18/05/2025 8:24:24 p.m.;;;;;;;;;;;;;;;;;;;;;
Cali;CALI;FUNDACION VALLE DEL LILI;890324177;Instituciones Prestadoras de Servicios de Salud - IPS;NO;Privada;;;FUNDACION VALLE DEL LILI SEDE AVENIDA LA ESTACION;20270517;20231017;20271016;18/05/2025 8:24:24 p.m.;;;;;;;;;;;;;;;;;;;;;
Valle del cauca;JAMUNDI;FUNDACION VALLE DEL LILI;890324177;Instituciones Prestadoras de Servicios de Salud - IPS;NO;Privada;;;Fundacion Valle del Lili - Sede Alfaguara;20270517;20231017;20271016;18/05/2025 8:24:24 p.m.;;;;;;;;;;;;;;;;;;;;;
Valle del cauca;JAMUNDI;FUNDACION VALLE DEL LILI;890324177;Instituciones Prestadoras de Servicios de Salud - IPS;NO;Privada;;;Fundacion Valle del Lili - Sede Alfaguara;20270517;20231017;20271016;18/05/2025 8:24:24 p.m.;;;;;;;;;;;;;;;;;;;;;
Cali;CALI;FUNDACION VALLE DEL LILI;890324177;Instituciones Prestadoras de Servicios de Salud - IPS;NO;Privada;;;FUNDACION VALLE DEL LILI SEDE LIMONAR;20270517;20231017;20271016;18/05/2025 8:24:24 p.m.;;;;;;;;;;;;;;;;;;;;;
Cali;CALI;FUNDACION VALLE DEL LILI;890324177;Instituciones Prestadoras de Servicios de Salud - IPS;NO;Privada;;;FUNDACION VALLE DEL LILI - SEDE TEQUENDAMA;20270517;20231017;20271016;18/05/2025 8:24:24 p.m.;;;;;;;;;;;;;;;;;;;;;
Antioquia;MEDELLIN;COMUNIDAD DE HERMANAS DOMINICAS DE LA PRESENTACION DE LA SANTISIMA VIRGEN DE TOURS PROVINCIA DE MEDELLIN;890905843;Instituciones Prestadoras de Servicios de Salud - IPS;NO;Privada;;;CLINICA EL ROSARIO SEDE EL TESORO;20270518;20231018;20271017;18/05/2025 8:24:24 p.m.;;;;;;;;;;;;;;;;;;;;;
Cali;CALI;"Hospital Universitario del Valle ""Evaristo Garcia"" E.S.E.";890303461;Instituciones Prestadoras de Servicios de Salud - IPS;SI;Publica;DEPARTAMENTAL;3;E.S.E. HOSPITAL UNIVERSITARIO DEL VALLE EVARISTO GARCIA EMPRESA SOCIAL DEL ESTADO;20270518;20231018;20271017;18/05/2025 8:24:24 p.m.;;;;;;;;;;;;;;;;;;;;;
Bogota D.C;BOGOTA;CLINICA COLSANITAS S.A.;800149384;Instituciones Prestadoras de Servicios de Salud - IPS;NO;Privada;;;CLINICA REINA SOFIA;20270520;20231020;20271019;18/05/2025 8:24:24 p.m.;;;;;;;;;;;;;;;;;;;;;
Bogota D.C;BOGOTA;CLINICA COLSANITAS S.A.;800149384;Instituciones Prestadoras de Servicios de Salud - IPS;NO;Privada;;;CLINICA REINA SOFIA MEDICINA AVANZADA 125;20270520;20231020;20271019;18/05/2025 8:24:24 p.m.;;;;;;;;;;;;;;;;;;;;;
Valle del cauca;TULUA;E.S.E HOSPITAL DEPARTAMENTAL TOMAS URIBE URIBE DE TULUA EMPRESA SOCIAL DEL ESTADO;891901158;Instituciones Prestadoras de Servicios de Salud - IPS;SI;Publica;DEPARTAMENTAL;2;E.S.E. HOSPITAL DEP�RTAMENTAL TOMAS URIBE URIBE DE TULUA ESE EMPRESA SOCIAL DEL ESTADO;20270615;20231115;20271114;18/05/2025 8:24:24 p.m.;;;;;;;;;;;;;;;;;;;;;
Bogota D.C;BOGOTA;CORPORACION HOSPITALARIA JUAN CIUDAD;900210981;Instituciones Prestadoras de Servicios de Salud - IPS;NO;Privada;;;HOSPITAL UNIVERSITARIO MAYOR-MEDERI;20270628;20231128;20271127;18/05/2025 8:24:24 p.m.;;;;;;;;;;;;;;;;;;;;;
Bogota D.C;BOGOTA;CORPORACION HOSPITALARIA JUAN CIUDAD;900210981;Instituciones Prestadoras de Servicios de Salud - IPS;NO;Privada;;;HOSPITAL UNIVERSITARIO BARRIOS UNIDOS-MEDERI;20270628;20231128;20271127;18/05/2025 8:24:24 p.m.;;;;;;;;;;;;;;;;;;;;;
Cundinamarca;CHIA;FUNDACION SANTA FE DE BOGOTA;860037950;Instituciones Prestadoras de Servicios de Salud - IPS;NO;Privada;;;Centro Medico y de Atencion Prioritaria- Fundacion Santa Fe de Bogota mas cerca Chia;20270704;20231204;20271203;18/05/2025 8:24:24 p.m.;;;;;;;;;;;;;;;;;;;;;
Bogota D.C;BOGOTA;FUNDACION SANTA FE DE BOGOTA;860037950;Instituciones Prestadoras de Servicios de Salud - IPS;NO;Privada;;;FUNDACION SANTA FE DE BOGOTA - CENTRO DE ATENCION PRIORITARIA;20270704;20231204;20271203;18/05/2025 8:24:24 p.m.;;;;;;;;;;;;;;;;;;;;;
Bogota D.C;BOGOTA;FUNDACION SANTA FE DE BOGOTA;860037950;Instituciones Prestadoras de Servicios de Salud - IPS;NO;Privada;;;EL INSTITUTO DE CANCER CARLOS ARDILA L�LLE- ICCAL;20270704;20231204;20271203;18/05/2025 8:24:24 p.m.;;;;;;;;;;;;;;;;;;;;;
Bogota D.C;BOGOTA;FUNDACION SANTA FE DE BOGOTA;860037950;Instituciones Prestadoras de Servicios de Salud - IPS;NO;Privada;;;Centro Medico y de Atencion Prioritaria Gran Estacion;20270704;20231204;20271203;18/05/2025 8:24:24 p.m.;;;;;;;;;;;;;;;;;;;;;
Bogota D.C;BOGOTA;FUNDACION SANTA FE DE BOGOTA;860037950;Instituciones Prestadoras de Servicios de Salud - IPS;NO;Privada;;;FUNDACION SANTA FE DE BOGOTA;20270704;20231204;20271203;18/05/2025 8:24:24 p.m.;;;;;;;;;;;;;;;;;;;;;
Santander;BUCARAMANGA;EMPRESA SOCIAL DEL ESTADO HOSPITAL UNIVERSITARIO DE SANTANDER;900006037;Instituciones Prestadoras de Servicios de Salud - IPS;SI;Publica;DEPARTAMENTAL;3;HOSPITAL UNIVERSITARIO DE SANTANDER;20271113;20240214;20280213;18/05/2025 8:24:24 p.m.;;;;;;;;;;;;;;;;;;;;;
Boyaca;DUITAMA;EMPRESA SOCIAL DEL ESTADO SALUD DEL TUNDAMA;826002601;Instituciones Prestadoras de Servicios de Salud - IPS;SI;Publica;MUNICIPAL;1;EMPRESA SOCIAL DEL ESTADO SALUD DEL TUNDAMA;20270927;20240227;20280226;18/05/2025 8:24:24 p.m.;;;;;;;;;;;;;;;;;;;;;
Bogota D.C;BOGOTA;INSTITUTO ROOSEVELT;860013874;Instituciones Prestadoras de Servicios de Salud - IPS;NO;Privada;;;INSTITUTO DE ORTOPEDIA INFANTIL ROOSEVELT;20271107;20240408;20280407;18/05/2025 8:24:24 p.m.;;;;;;;;;;;;;;;;;;;;;
Bogota D.C;BOGOTA;INSTITUTO ROOSEVELT;860013874;Instituciones Prestadoras de Servicios de Salud - IPS;NO;Privada;;;SEDE PROPACE;20271107;20240408;20280407;18/05/2025 8:24:24 p.m.;;;;;;;;;;;;;;;;;;;;;
Cundinamarca;SOACHA;Instituto Roosevelt;860013874;Instituciones Prestadoras de Servicios de Salud - IPS;;Privada;;;Roosevelt Teleton;20271107;20240408;20280407;18/05/2025 8:24:24 p.m.;;;;;;;;;;;;;;;;;;;;;
Barranquilla;BARRANQUILLA;SALUD SOCIAL SAS;802023344;Instituciones Prestadoras de Servicios de Salud - IPS;;Privada;;;SALUD SOCIAL S.A.S.;20271109;20240410;20280409;18/05/2025 8:24:24 p.m.;;;;;;;;;;;;;;;;;;;;;
Barranquilla;BARRANQUILLA;SALUD SOCIAL SAS;802023344;Instituciones Prestadoras de Servicios de Salud - IPS;;Privada;;;SALUD SOCIAL PAD;20271109;20240410;20280409;18/05/2025 8:24:24 p.m.;;;;;;;;;;;;;;;;;;;;;
Barranquilla;BARRANQUILLA;SALUD SOCIAL SAS;802023344;Instituciones Prestadoras de Servicios de Salud - IPS;;Privada;;;SALUD SOCIAL CENTRO VIVIR;20271109;20240410;20280409;18/05/2025 8:24:24 p.m.;;;;;;;;;;;;;;;;;;;;;
Bogota D.C;BOGOTA;CLINICA COLSANITAS S.A.;800149384;Instituciones Prestadoras de Servicios de Salud - IPS;NO;Privada;;;CLINICA UNIVERSITARIA COLOMBIA;20271117;20240418;20280417;18/05/2025 8:24:24 p.m.;;;;;;;;;;;;;;;;;;;;;
Risaralda;PEREIRA;CAJA DE COMPENSACION FAMILIAR DE RISARALDA COMFAMILIAR RISARALDA;891480000;Instituciones Prestadoras de Servicios de Salud - IPS;NO;Privada;;;CENTRO MEDICO Y ODONTOLOGICO DE LA CIRCUNVALAR;20271221;20240522;20280521;18/05/2025 8:24:24 p.m.;;;;;;;;;;;;;;;;;;;;;
Risaralda;PEREIRA;CAJA DE COMPENSACION FAMILIAR DE RISARALDA COMFAMILIAR RISARALDA;891480000;Instituciones Prestadoras de Servicios de Salud - IPS;NO;Privada;;;CLINICA COMFAMILIAR;20271221;20240522;20280521;18/05/2025 8:24:24 p.m.;;;;;;;;;;;;;;;;;;;;;
Cali;CALI;HOSPITAL DEPARTAMENTAL PSIQUIATRICO UNIVERSITARIO DEL VALLE E.S.E;890304155;Instituciones Prestadoras de Servicios de Salud - IPS;SI;Publica;DEPARTAMENTAL;2;E.S.E. HOSPITAL DEPARTAMENTAL PSIQUIATRICO UNIVERSITARIO DEL VALLE;20271226;20240527;20280526;18/05/2025 8:24:24 p.m.;;;;;;;;;;;;;;;;;;;;;
Nari�o;PASTO;FUNDACION HOSPITAL SAN PEDRO;891200209;Instituciones Prestadoras de Servicios de Salud - IPS;NO;Privada;;;FUNDACION HOSPITAL SAN PEDRO;20280224;20240726;20280725;18/05/2025 8:24:24 p.m.;;;;;;;;;;;;;;;;;;;;;
Bogota D.C;BOGOTA;HOSPITAL UNIVERSITARIO SAN IGNACIO;860015536;Instituciones Prestadoras de Servicios de Salud - IPS;NO;Privada;;;HOSPITAL UNIVERSITARIO SAN IGNACIO LABORATORIO CLINICO DE ERRORES INNATOS DEL METABOLISMO;20280302;20240802;20280801;18/05/2025 8:24:24 p.m.;;;;;;;;;;;;;;;;;;;;;
Bogota D.C;BOGOTA;HOSPITAL UNIVERSITARIO SAN IGNACIO;860015536;Instituciones Prestadoras de Servicios de Salud - IPS;NO;Privada;;;Hospital Universitario San Ignacio Sede Calle 41;20280302;20240802;20280801;18/05/2025 8:24:24 p.m.;;;;;;;;;;;;;;;;;;;;;
Bogota D.C;BOGOTA;HOSPITAL UNIVERSITARIO SAN IGNACIO;860015536;Instituciones Prestadoras de Servicios de Salud - IPS;NO;Privada;;;CONSULTORES EN PSICOLOGIA HUSI;20280302;20240802;20280801;18/05/2025 8:24:24 p.m.;;;;;;;;;;;;;;;;;;;;;
Bogota D.C;BOGOTA;HOSPITAL UNIVERSITARIO SAN IGNACIO;860015536;Instituciones Prestadoras de Servicios de Salud - IPS;NO;Privada;;;INTELLECTUS CENTRO DE MEMORIA Y COGNICION;20280302;20240802;20280801;18/05/2025 8:24:24 p.m.;;;;;;;;;;;;;;;;;;;;;
Bogota D.C;BOGOTA;HOSPITAL UNIVERSITARIO SAN IGNACIO;860015536;Instituciones Prestadoras de Servicios de Salud - IPS;NO;Privada;;;HOSPITAL UNIVERSITARIO SAN IGNACIO;20280302;20240802;20280801;18/05/2025 8:24:24 p.m.;;;;;;;;;;;;;;;;;;;;;
Bogota D.C;BOGOTA;HOSPITAL UNIVERSITARIO SAN IGNACIO;860015536;Instituciones Prestadoras de Servicios de Salud - IPS;NO;Privada;;;CENTRO DE ATENCION INTEGRAL EN CUIDADOS PALIATIVOS;20280302;20240802;20280801;18/05/2025 8:24:24 p.m.;;;;;;;;;;;;;;;;;;;;;
Bogota D.C;BOGOTA;FUNDACION NEUMOLOGICA COLOMBIANA;800180553;Instituciones Prestadoras de Servicios de Salud - IPS;NO;Privada;;;FUNDACION NEUMOLOGICA COLOMBIANA;20280314;20240814;20280813;18/05/2025 8:24:24 p.m.;;;;;;;;;;;;;;;;;;;;;
Santander;BUCARAMANGA;HIGUERA ESCALANTE & CIA S.A.S;800039986;Instituciones Prestadoras de Servicios de Salud - IPS;NO;Privada;;;BOLARQUI;20280426;20240926;20280925;18/05/2025 8:24:24 p.m.;;;;;;;;;;;;;;;;;;;;;
Santander;FLORIDABLANCA;HIGUERA ESCALANTE & CIA S.A.S;800039986;Instituciones Prestadoras de Servicios de Salud - IPS;NO;Privada;;;SEDE FOSCAL;20280426;20240926;20280925;18/05/2025 8:24:24 p.m.;;;;;;;;;;;;;;;;;;;;;
Santander;BUCARAMANGA;HIGUERA ESCALANTE & CIA S.A.S;800039986;Instituciones Prestadoras de Servicios de Salud - IPS;NO;Privada;;;PROMEDICA;20280426;20240926;20280925;18/05/2025 8:24:24 p.m.;;;;;;;;;;;;;;;;;;;;;
Santander;FLORIDABLANCA;HIGUERA ESCALANTE & CIA S.A.S;800039986;Instituciones Prestadoras de Servicios de Salud - IPS;NO;Privada;;;FOSCAL INTERNACIONAL;20280925;20240926;20280925;18/05/2025 8:24:24 p.m.;;;;;;;;;;;;;;;;;;;;;
Santander;FLORIDABLANCA;HIGUERA ESCALANTE & CIA S.A.S;800039986;Instituciones Prestadoras de Servicios de Salud - IPS;NO;Privada;;;VIP;20280426;20240926;20280925;18/05/2025 8:24:24 p.m.;;;;;;;;;;;;;;;;;;;;;
Bogota D.C;BOGOTA;CLINICA DEL OCCIDENTE S.A.;860090566;Instituciones Prestadoras de Servicios de Salud - IPS;NO;Privada;;;CLINICA DEL OCCIDENTE S.A.;20280427;20240927;20280926;18/05/2025 8:24:24 p.m.;;;;;;;;;;;;;;;;;;;;;
Barranquilla;BARRANQUILLA;CLINICA DEL CARIBE S.A.;890100275;Instituciones Prestadoras de Servicios de Salud - IPS;NO;Privada;;;IPS CLINICA DEL CARIBE;20280516;20241016;20281015;18/05/2025 8:24:24 p.m.;;;;;;;;;;;;;;;;;;;;;
Barranquilla;BARRANQUILLA;CLINICA DEL CARIBE S.A.;890100275;Instituciones Prestadoras de Servicios de Salud - IPS;NO;Privada;;;CLINICA DEL CARIBE S.A. Servicios Ambulatorios;20280516;20241016;20281015;18/05/2025 8:24:24 p.m.;;;;;;;;;;;;;;;;;;;;;
